movement.distribution.method.sp0;random
movement.distribution.method.sp1;random
movement.distribution.method.sp10;random
movement.distribution.method.sp11;random
movement.distribution.method.sp12;random
movement.distribution.method.sp13;random
movement.distribution.method.sp14;random
movement.distribution.method.sp15;random
movement.distribution.method.sp16;random
movement.distribution.method.sp17;random
movement.distribution.method.sp18;random
movement.distribution.method.sp19;random
movement.distribution.method.sp2;random
movement.distribution.method.sp20;random
movement.distribution.method.sp21;random
movement.distribution.method.sp22;random
movement.distribution.method.sp23;random
movement.distribution.method.sp24;random
movement.distribution.method.sp25;random
movement.distribution.method.sp26;random
movement.distribution.method.sp27;random
movement.distribution.method.sp28;random
movement.distribution.method.sp29;random
movement.distribution.method.sp3;random
movement.distribution.method.sp30;random
movement.distribution.method.sp31;random
movement.distribution.method.sp32;random
movement.distribution.method.sp33;random
movement.distribution.method.sp34;random
movement.distribution.method.sp35;random
movement.distribution.method.sp36;random
movement.distribution.method.sp37;random
movement.distribution.method.sp38;random
movement.distribution.method.sp39;random
movement.distribution.method.sp4;random
movement.distribution.method.sp40;random
movement.distribution.method.sp41;random
movement.distribution.method.sp42;random
movement.distribution.method.sp43;random
movement.distribution.method.sp44;random
movement.distribution.method.sp45;random
movement.distribution.method.sp46;random
movement.distribution.method.sp47;random
movement.distribution.method.sp48;random
movement.distribution.method.sp49;random
movement.distribution.method.sp5;random
movement.distribution.method.sp50;random
movement.distribution.method.sp51;random
movement.distribution.method.sp52;random
movement.distribution.method.sp53;random
movement.distribution.method.sp54;random
movement.distribution.method.sp55;random
movement.distribution.method.sp56;random
movement.distribution.method.sp57;random
movement.distribution.method.sp58;random
movement.distribution.method.sp59;random
movement.distribution.method.sp6;random
movement.distribution.method.sp60;random
movement.distribution.method.sp61;random
movement.distribution.method.sp62;random
movement.distribution.method.sp63;random
movement.distribution.method.sp64;random
movement.distribution.method.sp65;random
movement.distribution.method.sp66;random
movement.distribution.method.sp67;random
movement.distribution.method.sp68;random
movement.distribution.method.sp69;random
movement.distribution.method.sp7;random
movement.distribution.method.sp70;random
movement.distribution.method.sp71;random
movement.distribution.method.sp72;random
movement.distribution.method.sp73;random
movement.distribution.method.sp74;random
movement.distribution.method.sp75;random
movement.distribution.method.sp76;random
movement.distribution.method.sp77;random
movement.distribution.method.sp78;random
movement.distribution.method.sp79;random
movement.distribution.method.sp8;random
movement.distribution.method.sp80;random
movement.distribution.method.sp81;random
movement.distribution.method.sp82;random
movement.distribution.method.sp83;random
movement.distribution.method.sp84;random
movement.distribution.method.sp85;random
movement.distribution.method.sp86;random
movement.distribution.method.sp87;random
movement.distribution.method.sp88;random
movement.distribution.method.sp89;random
movement.distribution.method.sp9;random
movement.distribution.method.sp90;random
movement.distribution.method.sp91;random
movement.distribution.method.sp92;random
movement.distribution.method.sp93;random
movement.distribution.method.sp94;random
movement.distribution.method.sp95;random
movement.distribution.method.sp96;random
movement.distribution.method.sp97;random
movement.distribution.method.sp98;random
movement.distribution.method.sp99;random
movement.distribution.method.sp100;random

movement.randomwalk.range.sp0;1
movement.randomwalk.range.sp1;1
movement.randomwalk.range.sp10;1
movement.randomwalk.range.sp11;1
movement.randomwalk.range.sp12;1
movement.randomwalk.range.sp13;1
movement.randomwalk.range.sp14;1
movement.randomwalk.range.sp15;1
movement.randomwalk.range.sp16;1
movement.randomwalk.range.sp17;1
movement.randomwalk.range.sp18;1
movement.randomwalk.range.sp19;1
movement.randomwalk.range.sp2;1
movement.randomwalk.range.sp20;1
movement.randomwalk.range.sp21;1
movement.randomwalk.range.sp22;1
movement.randomwalk.range.sp23;1
movement.randomwalk.range.sp24;1
movement.randomwalk.range.sp25;1
movement.randomwalk.range.sp26;1
movement.randomwalk.range.sp27;1
movement.randomwalk.range.sp28;1
movement.randomwalk.range.sp29;1
movement.randomwalk.range.sp3;1
movement.randomwalk.range.sp30;1
movement.randomwalk.range.sp31;1
movement.randomwalk.range.sp32;1
movement.randomwalk.range.sp33;1
movement.randomwalk.range.sp34;1
movement.randomwalk.range.sp35;1
movement.randomwalk.range.sp36;1
movement.randomwalk.range.sp37;1
movement.randomwalk.range.sp38;1
movement.randomwalk.range.sp39;1
movement.randomwalk.range.sp4;1
movement.randomwalk.range.sp40;1
movement.randomwalk.range.sp41;1
movement.randomwalk.range.sp42;1
movement.randomwalk.range.sp43;1
movement.randomwalk.range.sp44;1
movement.randomwalk.range.sp45;1
movement.randomwalk.range.sp46;1
movement.randomwalk.range.sp47;1
movement.randomwalk.range.sp48;1
movement.randomwalk.range.sp49;1
movement.randomwalk.range.sp5;1
movement.randomwalk.range.sp50;1
movement.randomwalk.range.sp51;1
movement.randomwalk.range.sp52;1
movement.randomwalk.range.sp53;1
movement.randomwalk.range.sp54;1
movement.randomwalk.range.sp55;1
movement.randomwalk.range.sp56;1
movement.randomwalk.range.sp57;1
movement.randomwalk.range.sp58;1
movement.randomwalk.range.sp59;1
movement.randomwalk.range.sp6;1
movement.randomwalk.range.sp60;1
movement.randomwalk.range.sp61;1
movement.randomwalk.range.sp62;1
movement.randomwalk.range.sp63;1
movement.randomwalk.range.sp64;1
movement.randomwalk.range.sp65;1
movement.randomwalk.range.sp66;1
movement.randomwalk.range.sp67;1
movement.randomwalk.range.sp68;1
movement.randomwalk.range.sp69;1
movement.randomwalk.range.sp7;1
movement.randomwalk.range.sp70;1
movement.randomwalk.range.sp71;1
movement.randomwalk.range.sp72;1
movement.randomwalk.range.sp73;1
movement.randomwalk.range.sp74;1
movement.randomwalk.range.sp75;1
movement.randomwalk.range.sp76;1
movement.randomwalk.range.sp77;1
movement.randomwalk.range.sp78;1
movement.randomwalk.range.sp79;1
movement.randomwalk.range.sp8;1
movement.randomwalk.range.sp80;1
movement.randomwalk.range.sp81;1
movement.randomwalk.range.sp82;1
movement.randomwalk.range.sp83;1
movement.randomwalk.range.sp84;1
movement.randomwalk.range.sp85;1
movement.randomwalk.range.sp86;1
movement.randomwalk.range.sp87;1
movement.randomwalk.range.sp88;2
movement.randomwalk.range.sp89;2
movement.randomwalk.range.sp9;1
movement.randomwalk.range.sp90;1
movement.randomwalk.range.sp91;1
movement.randomwalk.range.sp92;1
movement.randomwalk.range.sp93;1
movement.randomwalk.range.sp94;1
movement.randomwalk.range.sp95;1
movement.randomwalk.range.sp96;1
movement.randomwalk.range.sp97;1
movement.randomwalk.range.sp98;2
movement.randomwalk.range.sp99;1
movement.randomwalk.range.sp100;1